﻿{
  "defaultNamespace": "hiphp",
  "sections": [
    {
      "name": "base",
      "sourceCode": "lib_hiphp_base.lua"
    },
    {
      "name": "api",
      "sourceCode": "lib_hiphp_api.lua"
    }
  ],
  "version": 1,
  "isEditable": true,
  "lifecycle": 0,
  "description": {
    "invariant": "Description for the script body.",
    "zh-CN": ">>>修改这里：脚本本体描述（简体中文）<<<",
    "zh-TW": ">>>修改這裡：腳本本體描述（繁體中文）<<<"
  },
  "libraryScriptReferences": [
  ],
  "creationTime": "2016-08-13T23:14:37.1963898Z",
  "updateTime": "2016-08-13T23:14:37.1963898Z",
  "id": "c1d5d5e8-7910-4453-b841-7bf7bc752aff"
}